date,questions
2015-06-16,25
2015-06-17,20
2015-05-05,17
2015-07-14,17
2017-08-10,16
2015-12-17,15
2016-04-27,15
2016-01-27,15
2016-03-24,14
2016-05-02,14
2016-02-21,14
2016-02-13,14
2015-05-04,13
2017-05-18,13
2017-05-06,13
2016-01-21,12
2015-07-08,11
2015-06-18,11
2016-07-06,11
2017-03-25,11
2016-04-21,11
2016-04-19,11
2015-05-07,10
2015-06-05,10
2016-01-28,10
2016-03-15,9
2015-07-21,9
2015-06-06,9
2017-11-15,8
2015-06-12,8
2015-05-08,8
2016-06-21,8
2015-06-25,8
2017-05-03,8
2015-05-22,8
2015-06-04,8
2016-07-20,8
2017-05-21,7
2017-03-07,7
2015-07-03,7
2017-04-22,7
2016-12-14,7
2017-01-25,7
2016-05-03,7
2017-08-02,7
2017-08-08,7
2016-01-29,7
2016-03-23,6
2016-04-04,6
2017-01-21,6
2015-05-31,6
2017-08-09,6
2015-05-25,6
2016-02-17,6
2016-02-15,6
2015-12-27,6
2017-12-20,6
2016-01-26,6
2017-12-16,6
2015-05-13,6
2016-02-06,6
2015-06-19,5
2017-08-11,5
2018-01-19,5
2017-05-16,5
2017-05-17,5
2017-05-19,5
2017-07-28,5
2017-02-05,5
2015-06-21,5
2015-08-08,5
2015-08-06,5
2016-01-04,5
2016-12-21,5
2017-06-16,5
2017-08-04,5
2017-08-05,5
2017-05-01,5
2017-05-02,5
2016-03-31,5
2016-04-22,5
2015-05-23,5
2015-05-24,5
2015-05-27,5
2016-02-19,5
2016-02-11,5
2015-07-18,5
2015-12-29,5
2015-03-27,5
2017-05-24,5
2017-08-19,5
2017-05-31,5
2018-02-22,5
2015-04-24,5
2016-04-18,5
2017-12-15,5
2016-07-22,5
2015-05-14,5
2016-02-02,5
2015-11-12,4
2015-07-05,4
2015-07-06,4
2016-03-18,4
2016-03-10,4
2017-04-10,4
2017-05-23,4
2017-05-22,4
2018-05-05,4
2016-11-28,4
2015-07-09,4
2015-05-06,4
2017-06-08,4
2017-07-20,4
2018-01-21,4
2016-06-10,4
2017-03-21,4
2017-08-30,4
2015-12-30,4
2016-09-22,4
2016-02-22,4
2017-08-07,4
2017-05-04,4
2017-07-10,4
2017-07-12,4
2015-07-23,4
2015-07-29,4
2016-04-26,4
2016-07-16,4
2015-05-26,4
2015-09-29,4
2016-01-19,4
2017-02-28,4
2015-03-25,4
2017-03-16,4
2017-07-06,4
2016-01-24,4
2017-12-13,4
2017-12-10,4
2017-12-11,4
2017-12-18,4
2017-10-26,4
2016-02-03,4
2016-02-05,4
2015-11-14,3
2015-07-07,3
2015-06-10,3
2015-06-15,3
2015-06-14,3
2017-04-13,3
2017-03-04,3
2016-11-29,3
2018-02-16,3
2016-04-07,3
2017-11-23,3
2017-04-06,3
2017-12-09,3
2015-05-02,3
2015-05-09,3
2017-05-14,3
2017-07-24,3
2017-07-23,3
2015-03-24,3
2015-06-26,3
2015-06-27,3
2015-06-20,3
2015-06-23,3
2016-12-13,3
2018-01-23,3
2016-06-23,3
2018-04-27,3
2018-02-07,3
2016-01-05,3
2016-09-27,3
2016-02-20,3
2017-05-05,3
2017-05-09,3
2016-11-03,3
2016-11-04,3
2016-03-30,3
2016-04-20,3
2016-04-24,3
2018-03-02,3
2016-06-06,3
2016-02-18,3
2015-08-18,3
2015-09-28,3
2017-11-03,3
2015-07-12,3
2017-12-24,3
2017-12-22,3
2017-12-21,3
2015-06-02,3
2015-06-01,3
2015-08-26,3
2018-02-23,3
2018-02-28,3
2015-04-27,3
2016-10-24,3
2018-03-10,3
2017-12-14,3
2015-05-11,3
2015-05-12,3
2017-10-23,3
2016-02-09,3
2016-02-08,3
2015-11-15,2
2017-11-14,2
2017-11-13,2
2015-07-01,2
2016-09-09,2
2017-04-16,2
2017-04-11,2
2017-04-12,2
2017-04-18,2
2017-03-06,2
2018-05-03,2
2018-05-08,2
2018-02-14,2
2018-02-15,2
2018-02-13,2
2016-04-06,2
2017-10-09,2
2017-06-09,2
2017-06-07,2
2017-05-10,2
2017-07-25,2
2017-01-16,2
2015-12-04,2
2016-03-29,2
2017-02-06,2
2015-06-24,2
2015-06-22,2
2016-09-12,2
2016-12-12,2
2016-12-17,2
2017-01-22,2
2015-03-09,2
2016-07-01,2
2018-01-29,2
2016-07-05,2
2018-01-25,2
2016-07-08,2
2018-05-15,2
2016-06-14,2
2015-08-01,2
2015-08-02,2
2018-04-28,2
2016-07-07,2
2017-03-09,2
2017-03-26,2
2017-12-30,2
2017-06-15,2
2017-06-19,2
2017-01-19,2
2017-08-03,2
2017-08-01,2
2017-03-20,2
2017-05-08,2
2017-07-13,2
2018-04-19,2
2015-07-25,2
2016-04-29,2
2017-02-15,2
2018-03-25,2
2015-06-30,2
2016-09-01,2
2016-10-19,2
2018-03-05,2
2016-07-11,2
2015-05-21,2
2016-07-18,2
2017-10-31,2
2016-06-04,2
2016-02-16,2
2016-02-14,2
2015-08-15,2
2015-03-18,2
2015-11-09,2
2015-03-11,2
2017-11-01,2
2017-11-07,2
2015-07-15,2
2015-12-21,2
2015-12-22,2
2016-03-07,2
2017-05-11,2
2017-02-22,2
2017-02-20,2
2015-03-20,2
2015-06-03,2
2015-06-08,2
2015-06-09,2
2015-05-19,2
2016-12-31,2
2017-04-04,2
2017-04-02,2
2017-03-17,2
2018-02-26,2
2015-04-25,2
2015-04-28,2
2016-04-10,2
2018-03-16,2
2016-01-23,2
2016-01-20,2
2016-01-25,2
2015-03-12,2
2015-05-15,2
2015-05-10,2
2016-06-30,2
2017-10-27,2
2014-10-10,2
2016-02-01,2
2016-02-07,2
2015-11-11,1
2017-11-19,1
2017-11-18,1
2016-03-16,1
2015-12-18,1
2016-08-31,1
2015-06-11,1
2018-03-29,1
2018-03-26,1
2016-09-05,1
2016-09-06,1
2016-09-07,1
2018-03-22,1
2018-03-23,1
2016-12-06,1
2017-01-30,1
2017-01-31,1
2017-04-19,1
2015-02-12,1
2018-01-15,1
2018-01-17,1
2015-03-31,1
2017-08-24,1
2017-05-29,1
2017-08-27,1
2017-08-20,1
2017-08-22,1
2016-11-21,1
2015-04-30,1
2016-04-01,1
2017-11-28,1
2017-11-27,1
2017-11-24,1
2017-11-20,1
2016-10-31,1
2017-06-29,1
2016-01-31,1
2017-06-23,1
2017-06-21,1
2017-06-26,1
2018-01-30,1
2017-10-03,1
2016-06-24,1
2017-06-01,1
2016-06-29,1
2017-05-12,1
2016-09-13,1
2017-03-31,1
2016-07-30,1
2017-04-20,1
2017-07-29,1
2017-07-27,1
2017-07-26,1
2016-03-21,1
2017-01-15,1
2016-03-27,1
2017-02-03,1
2018-04-04,1
2017-04-28,1
2016-12-19,1
2016-09-16,1
2016-09-14,1
2015-02-24,1
2017-01-28,1
2017-01-27,1
2017-01-26,1
2017-01-23,1
2018-05-16,1
2018-05-10,1
2016-06-11,1
2015-12-31,1
2014-11-03,1
2014-11-05,1
2014-11-04,1
2016-01-07,1
2015-03-30,1
2016-01-09,1
2016-09-28,1
2016-09-21,1
2016-09-26,1
2017-06-12,1
2016-02-23,1
2017-08-06,1
2017-05-07,1
2017-09-18,1
2017-09-17,1
2017-09-11,1
2017-07-16,1
2017-07-18,1
2017-07-19,1
2018-04-10,1
2018-04-16,1
2018-04-17,1
2018-04-18,1
2016-04-28,1
2016-10-18,1
2017-04-14,1
2017-04-17,1
2018-03-01,1
2018-03-06,1
2018-03-08,1
2018-03-09,1
2015-08-03,1
2015-02-18,1
2016-07-12,1
2017-10-30,1
2017-06-22,1
2016-06-01,1
2017-06-27,1
2016-06-03,1
2014-10-06,1
2015-11-07,1
2015-03-10,1
2017-11-04,1
2015-07-16,1
2017-11-09,1
2015-07-13,1
2016-03-09,1
2016-03-04,1
2017-02-26,1
2017-02-27,1
2016-01-11,1
2017-12-28,1
2017-12-27,1
2017-12-26,1
2017-12-23,1
2017-03-03,1
2015-05-18,1
2017-04-05,1
2017-04-01,1
2017-01-09,1
2016-05-26,1
2016-05-20,1
2017-08-18,1
2017-03-15,1
2017-05-30,1
2017-03-12,1
2017-03-13,1
2017-09-05,1
2014-11-20,1
2017-07-07,1
2017-07-05,1
2017-07-04,1
2017-07-03,1
2018-02-20,1
2018-02-25,1
2018-02-24,1
2015-04-22,1
2015-04-29,1
2016-04-13,1
2015-07-31,1
2018-03-15,1
2018-03-12,1
2016-01-22,1
2017-12-17,1
2017-12-19,1
2016-07-25,1
2016-07-21,1
2017-10-22,1
2017-10-24,1
2017-10-28,1
